"","auc","lb","ub"
"linear_logistic_10d_n50_nointercept_borders",0.759863919743829,0.759481091033142,0.760246748454515
"linear_logistic_10d_n50_pm1_borders",0.754401685383973,0.754010906513272,0.754792464254674
"linear_logistic_10d_n50_borders",0.756544488475734,0.75612202461857,0.756966952332897
"erm_linear_logistic_10d_n50_nointercept_borders",0.753942291724831,0.753463746422903,0.754420837026758
"erm_linear_logistic_10d_n50_pm1_borders",0.751606825930266,0.751110904366825,0.752102747493707
"erm_linear_logistic_10d_n50_borders",0.750360712880225,0.749855885342215,0.750865540418235
"glm",0.748965567960091,0.748288942800428,0.749642193119753
"glmnet",0.781985504040337,0.781301805733098,0.782669202347575
