"","crossent","lb","ub"
"linear_logistic_10d_n50_nointercept_borders",0.596950236653953,0.596600771445788,0.597299701862118
"linear_logistic_10d_n50_pm1_borders",0.578217084289578,0.577908148479583,0.578526020099572
"linear_logistic_10d_n50_borders",0.586904627744788,0.586630930668421,0.587178324821155
"erm_linear_logistic_10d_n50_nointercept_borders",0.600086532190518,0.599655320682137,0.600517743698899
"erm_linear_logistic_10d_n50_pm1_borders",0.577046438856018,0.576633906720987,0.577458970991048
"erm_linear_logistic_10d_n50_borders",0.579966648372043,0.579537719318613,0.580395577425473
"glm",0.920210580273608,0.915123394879907,0.925297765667309
"glmnet",0.560041964990696,0.559050551615584,0.561033378365808
