"","auc","lb","ub"
"cd4_linear_logistic_2d_n50_pm05_borders",0.681381170634921,0.544197549004255,0.818564792265587
"cd4_linear_logistic_2d_n50_pm1_borders",0.686396369047619,0.550439783951805,0.822352954143433
"cd4_linear_logistic_2d_n50_pm2_borders",0.690307361111111,0.554909443374135,0.825705278848087
"erm_cd4_linear_logistic_2d_n50_pm05_borders",0.685777599206349,0.550765876301931,0.820789322110767
"erm_cd4_linear_logistic_2d_n50_pm1_borders",0.687793630952381,0.553444359127289,0.822142902777473
"erm_cd4_linear_logistic_2d_n50_pm2_borders",0.684337678571429,0.550218988398812,0.818456368744046
"glm",0.693465654761905,0.560044818621249,0.82688649090256
"glmnet",0.633475436507936,0.445905009610837,0.821045863405036
