"","crossent","lb","ub"
"cd4_linear_logistic_2d_n50_pm05_borders",0.637371259737128,0.569736546453575,0.705005973020682
"cd4_linear_logistic_2d_n50_pm1_borders",0.637487942629809,0.552824138430792,0.722151746828827
"cd4_linear_logistic_2d_n50_pm2_borders",0.648411883325413,0.546162498936864,0.750661267713962
"erm_cd4_linear_logistic_2d_n50_pm05_borders",0.644250522220802,0.567371444801759,0.721129599639845
"erm_cd4_linear_logistic_2d_n50_pm1_borders",0.651373140300128,0.55048751070091,0.752258769899346
"erm_cd4_linear_logistic_2d_n50_pm2_borders",0.659574063345808,0.553419522710814,0.765728603980803
"glm",0.660983960125288,0.550580802906157,0.77138711734442
"glmnet",0.669491219266565,0.583198528838972,0.755783909694157
